{"": 0.22488000000000596, "sil": 2.6999999999999997, "P": 0.6899999999999977, "L": 1.129999999999999, "IY1": 1.0700000000000003, "Z": 0.7899999999999991, "sp": 51.38, "K": 0.990000000000002, "AO1": 0.5700000000000003, "S": 1.1599999999999966, "T": 0.6700000000000017, "EH1": 0.8100000000000023, "AH0": 6.130000000000003, "AE1": 1.1700000000000017, "HH": 0.740000000000002, "ER1": 0.9799999999999969, "UW1": 1.1600000000000001, "B": 0.8200000000000003, "R": 0.7699999999999996, "IH1": 0.9299999999999997, "NG": 1.21, "DH": 1.1000000000000005, "TH": 1.2300000000000004, "W": 1.1099999999999994, "F": 1.1799999999999997, "AH1": 2.960000000000001, "M": 0.8300000000000001, "N": 2.1599999999999966, "V": 2.0, "SH": 0.5700000000000003, "OW1": 1.0999999999999979, "AY1": 0.6099999999999994, "CH": 0.35999999999999943, "D": 1.4100000000000001, "EY1": 1.3499999999999979, "IY0": 0.8499999999999996, "ER0": 1.12, "AA1": 0.9800000000000004, "OW0": 0.7800000000000011, "IH0": 1.0699999999999998, "G": 1.2199999999999989, "OY1": 0.75, "EY2": 0.5900000000000034, "UW0": 0.8599999999999994}